alive_only,ci_hi_2-9.6s,ci_hi_<=2s,ci_hi_>9.6s,ci_lo_2-9.6s,ci_lo_<=2s,ci_lo_>9.6s,config,include_gk,match_id,mean_all,median_2-9.6s,median_<=2s,median_>9.6s,median_all,median_ci_hi,median_ci_lo,method,n,p90_all,share_2-9.6s,share_<=2s,share_>9.6s,width_m
False,8.28788959980011,3.7209231734275816,16.864158487319944,6.91423796415329,3.2803337574005127,12.68575713634491,A_replica_literal,True,J03WMX,12.177626179473457,7.536831378936768,3.505378842353821,14.43172025680542,9.306544303894043,10.674827337265015,8.232811057567597,B4,90198,26.6417200088501,0.34477482871017096,0.16082396505465754,0.49440120623517153,44.0
False,8.256326055526733,3.637759494781494,16.613692426681517,6.933954936265946,3.210702309012413,12.816230154037475,B_particion_portero,True,J03WMX,11.819624776639978,7.5547637939453125,3.416907548904419,14.444891452789307,9.235658168792725,10.414659786224364,8.268432331085204,B4,90198,24.42337284088135,0.34477482871017096,0.16082396505465754,0.49440120623517153,44.0
False,8.080764365196227,3.702932834625244,14.592017889022827,6.663751125335693,3.2451508045196533,9.953290498256683,C_solo_campo,False,J03WMX,10.524293868778663,7.31707239151001,3.478196859359741,11.79800033569336,7.781949996948242,8.970374870300292,6.837297856807709,B4,71029,22.508558273315433,0.3988934097340523,0.18876796801306508,0.41233862225288265,44.0
False,10.056531047821045,4.5208978176116945,23.1186199426651,8.336818706989288,3.8394186079502104,15.848252153396606,A_replica_literal,True,J03WN1,16.57382606049535,9.156417846679688,4.191826343536377,18.74055004119873,12.15341854095459,14.418384611606598,10.35261037349701,B4,87290,38.306853485107446,0.33915683354336124,0.14433497536945813,0.5165081910871807,44.0
False,9.80364774465561,4.317112845182419,22.465704202651978,8.276284766197204,3.6622643947601317,15.500404477119446,B_particion_portero,True,J03WN1,15.971487769394706,9.018701553344727,3.991835832595825,18.088838577270508,11.85267448425293,13.80406436920166,10.288287734985351,B4,87290,36.75469436645508,0.33915683354336124,0.14433497536945813,0.5165081910871807,44.0
False,9.66781289577484,4.460524970293045,26.45321729183197,7.984605139493942,3.733564615249634,13.505704629421235,C_solo_campo,False,J03WN1,15.519864476596762,8.802291870117188,4.111493110656738,18.074369430541992,10.390080451965332,12.879928052425385,8.808045792579652,B4,69515,38.40538558959961,0.38473710709918724,0.16723009422426816,0.4480327986765446,44.0
False,9.93720555305481,4.389246892929077,19.340934324264527,8.035095918178559,3.6982933640480042,15.268794822692872,A_replica_literal,True,J03WOH,15.398343686786705,8.960416793823242,4.051970481872559,17.233542442321777,11.792814254760742,13.16085147857666,10.488427925109864,B4,98355,33.42277145385742,0.32553505159880025,0.13348584210258757,0.5409791062986121,44.0
False,9.696330153942109,4.199457359313965,18.970066642761232,7.8922051846981045,3.5476396143436433,15.59382152557373,B_particion_portero,True,J03WOH,15.105743033696553,8.756064891815186,3.8894453048706055,17.281115531921387,11.68547248840332,13.119799375534058,10.369958353042602,B4,98355,32.349752807617186,0.32553505159880025,0.13348584210258757,0.5409791062986121,44.0
False,9.627661848068238,4.336040890216827,19.036041569709777,7.699941992759705,3.6436464160680773,14.197773218154907,C_solo_campo,False,J03WOH,14.577705304443484,8.60473918914795,3.9831488132476807,16.528127670288086,10.666240215301514,12.175232303142547,9.163046431541442,B4,81698,32.94352531433107,0.3587235917647923,0.14996695145536,0.4913094567798477,44.0
False,9.652648043632507,4.3118736267089846,18.33217782974243,7.61513797044754,3.7327616214752197,13.089578652381897,A_replica_literal,True,J03WOY,13.861357430559444,8.670434951782227,3.9948184490203857,15.525599479675293,10.61959171295166,12.142581558227539,9.349381566047668,B4,102293,29.119672775268555,0.3227102538785645,0.1424046611205068,0.5348850850009287,44.0
False,9.62545416355133,4.187327861785889,18.19053988456726,7.726889908313751,3.6724231243133545,13.551159143447876,B_particion_portero,True,J03WOY,13.751928013199812,8.705322265625,3.9205174446105957,15.648955345153809,10.802152633666992,12.243416595458985,9.578977072238922,B4,102293,28.38715972900391,0.3227102538785645,0.1424046611205068,0.5348850850009287,44.0
False,9.382868826389313,4.253063678741455,17.67705969810486,7.2769731998443605,3.6795399248600007,11.374692392349242,C_solo_campo,False,J03WOY,12.930826023812072,8.46251630783081,3.955260396003723,14.095606327056885,9.6836576461792,11.11516124010086,8.30151300430298,B4,84662,27.9683843612671,0.3573031584418039,0.1610876190026222,0.4816092225555739,44.0
False,8.703954648971557,3.9826584607362747,14.647600400447846,7.007784116268158,3.4055774092674254,11.150016331672669,A_replica_literal,True,J03WPY,11.422770855977706,7.771539688110352,3.6655324697494507,12.812911987304688,8.556112289428711,9.687102854251862,7.567890000343323,B4,91493,23.64099617004395,0.3888057009825888,0.1771720240892746,0.43402227492813655,44.0
False,8.741634821891784,3.9497509360313416,15.27038573026657,7.07658097743988,3.3899719297885893,12.399413430690766,B_particion_portero,True,J03WPY,11.69416640127378,7.821423530578613,3.6410648822784424,13.86562967300415,8.781928062438965,9.972772264480591,7.749603706598282,B4,91493,23.978668212890625,0.3888057009825888,0.1771720240892746,0.43402227492813655,44.0
False,8.456389105319976,3.9616542637348173,14.249819397926329,6.687655353546143,3.379330810904503,9.222835528850556,C_solo_campo,False,J03WPY,10.205630474021003,7.498072385787964,3.6412463188171387,11.671765804290771,7.485948085784912,8.666340088844299,6.492309105396271,B4,72125,20.744888305664062,0.4500797227036395,0.20917850953206238,0.3407417677642981,44.0
False,9.107110488414763,4.128155624866485,16.072100400924683,7.437598955631256,3.526534152030945,12.774605917930604,A_replica_literal,True,J03WQQ,12.015332377515078,8.287586688995361,3.8150135278701782,14.207825660705566,9.748623847961426,10.977367925643922,8.77801833152771,B4,90872,24.27779273986817,0.3491284444053174,0.14790034334008276,0.5029712122545998,44.0
False,9.275914621353149,4.113308489322662,17.45488452911377,7.640230166912079,3.5198161959648133,14.164092540740967,B_particion_portero,True,J03WQQ,12.937178814459669,8.487683773040771,3.8070242404937744,15.747189998626709,10.248826026916504,11.440445339679718,9.213312125205993,B4,90872,27.238113784790045,0.3491284444053174,0.14790034334008276,0.5029712122545998,44.0
False,9.061882257461548,4.1702155530452725,14.427412223815917,7.27753084897995,3.525805714726448,10.905404376983643,C_solo_campo,False,J03WQQ,10.871635077763539,8.1592378616333,3.843224287033081,12.489426136016846,8.641291618347168,9.831245136260986,7.580882370471954,B4,73227,22.06091156005865,0.39452660903765,0.16984172504677236,0.4356316659155776,44.0
False,9.089547991752625,4.2580598294734955,16.496819019317627,7.665954852104187,3.732111230492592,12.405607604980469,A_replica_literal,True,J03WR9,13.176395799578874,8.366833686828613,3.9668222665786743,14.486886978149414,9.898990631103516,11.311296105384827,8.810378384590148,B4,99589,28.295314407348627,0.32617056100573355,0.14103967305626122,0.5327897659380052,44.0
False,8.938958716392516,4.159288465976715,17.355293416976927,7.591744315624237,3.689788779616356,12.959061002731323,B_particion_portero,True,J03WR9,13.382850577479996,8.250292778015137,3.9119412899017334,14.977163791656494,10.092777252197266,11.412765896320343,9.078416800498962,B4,99589,28.602793884277336,0.32617056100573355,0.14103967305626122,0.5327897659380052,44.0
False,8.90534621477127,4.237652581930161,15.816449737548828,7.517178565263748,3.733498275279999,11.044841694831849,C_solo_campo,False,J03WR9,12.218269245736085,8.169218063354492,3.9615261554718018,13.315688610076904,9.097340106964111,10.339759993553162,7.974775326251984,B4,81624,26.06574802398681,0.3636675487601686,0.15963442124865235,0.47669802999117905,44.0
