ci_hi_2-9.6s,ci_hi_<=2s,ci_hi_>9.6s,ci_lo_2-9.6s,ci_lo_<=2s,ci_lo_>9.6s,elapsed_s,include_gk,match_id,mean_all,median_2-9.6s,median_<=2s,median_>9.6s,median_all,median_ci_hi,median_ci_lo,method,n,p90_all,share_2-9.6s,share_<=2s,share_>9.6s,width_m
12.284985744953156,2.519078069925308,29.27803854942322,11.280924785137177,2.2882103085517884,25.655541133880615,8.4,False,metrica_1,18.527839989625047,11.768798828125,2.401618480682373,27.37226390838623,16.32979106903076,17.96859393119812,14.717720413208008,B1,141428,37.514485931396486,0.3860550951721017,0.1712178635065192,0.4427270413213791,44.0
11.038625121116638,5.158944028615951,18.26872065067291,9.580743598937989,4.752195322513581,13.57445012331009,8.2,False,metrica_1,13.6079960308822,10.29173469543457,4.955813407897949,15.91901683807373,10.803257942199707,11.860013604164124,9.814899170398713,B2,141428,28.128186416625976,0.3860550951721017,0.1712178635065192,0.4427270413213791,44.0
22.006873035430907,16.66206774711609,27.788959789276124,20.27805573940277,15.725602006912231,23.291267418861388,9.3,False,metrica_1,23.043941004714092,21.098413467407227,16.213449478149414,25.60715389251709,21.599799156188965,22.813559937477113,20.51406321525574,B5,141428,37.171582031250004,0.3860550951721017,0.1712178635065192,0.4427270413213791,44.0
14.332572507858277,8.338329529762268,21.509590077400205,12.326200795173644,7.60462201833725,16.241571068763733,9.4,False,metrica_1,16.209152750294912,13.213947296142578,7.953747272491455,18.79086399078369,13.682271957397461,14.944419348239899,12.557486200332642,B3E,141428,30.820549011230476,0.3860550951721017,0.1712178635065192,0.4427270413213791,44.0
10.25031020641327,2.407826805114746,18.264899849891663,8.842275512218475,2.2059130668640137,13.570806503295898,8.8,False,metrica_1,12.880539136056974,9.56029987335205,2.2993662357330322,15.917407035827637,10.045674800872803,11.191827964782714,9.09969449043274,B3V,141428,27.999860763549805,0.3860550951721017,0.1712178635065192,0.4427270413213791,44.0
13.282570862770081,3.727421653270721,21.505852127075194,11.440921688079834,3.3964238673448564,16.23432550430298,10.2,False,metrica_1,15.143436058918798,12.312956809997559,3.5590193271636963,18.786190032958984,12.5871262550354,13.799683713912964,11.314616334438323,B3,141428,30.59724578857422,0.3860550951721017,0.1712178635065192,0.4427270413213791,44.0
8.736475265026092,3.758186650276184,18.587602615356445,7.407253527641297,3.3579938888549803,12.659710252285004,9.9,False,metrica_1,13.60226757724942,8.011824607849121,3.540832757949829,15.197242736816406,9.043471336364746,10.247725296020509,8.01535153388977,B4,141428,32.848687744140626,0.3860550951721017,0.1712178635065192,0.4427270413213791,44.0
12.206258916854859,2.515697744488716,30.354851794242858,11.085776543617248,2.318070614337921,26.120598196983337,8.1,False,metrica_2,18.68870048442613,11.607406616210938,2.414586067199707,28.597145080566406,16.07219696044922,18.116256761550904,14.021348690986633,B1,128722,38.509287261962896,0.379251410015382,0.17665200975746181,0.4440965802271562,44.0
9.857199299335479,4.958909368515014,19.256473970413207,8.704178249835968,4.554043585062027,14.521773982048035,7.7,False,metrica_2,13.452413448368512,9.259650230407715,4.74627161026001,16.849645614624023,10.413267612457275,11.581878519058227,9.34667536020279,B2,128722,28.29721908569336,0.379251410015382,0.17665200975746181,0.4440965802271562,44.0
20.398192882537842,15.69639424085617,29.677772521972656,18.612910795211793,14.587157487869263,23.96652183532715,8.7,False,metrica_2,22.749596538222285,19.522141456604004,15.12890911102295,26.714588165283203,20.9281644821167,22.300519037246705,19.596460008621214,B5,128722,38.50018043518067,0.379251410015382,0.17665200975746181,0.4440965802271562,44.0
12.808723044395446,7.939548885822296,21.876713252067564,11.216582381725312,7.2080452859401705,16.689951920509337,9.1,False,metrica_2,15.930317886456518,12.016340732574463,7.560091018676758,19.434110641479492,13.158615112304688,14.435416746139527,12.043604910373688,B3E,128722,31.40083179473877,0.379251410015382,0.17665200975746181,0.4440965802271562,44.0
9.18003089427948,2.285096010565758,19.25112340450287,8.07720787525177,2.0788330495357514,14.518814182281494,8.2,False,metrica_2,12.759253323666345,8.64644479751587,2.1798012256622314,16.84477424621582,9.722804069519043,10.992071223258971,8.627483928203583,B3V,128722,28.16086864471436,0.379251410015382,0.17665200975746181,0.4440965802271562,44.0
11.859582757949829,3.5294147610664366,21.872427678108213,10.39430879354477,3.2094091951847075,16.688434410095216,9.4,False,metrica_2,14.899101942778712,11.106068134307861,3.369640588760376,19.428333282470703,12.108422756195068,13.468508768081664,10.817592406272889,B3,128722,31.215547752380377,0.379251410015382,0.17665200975746181,0.4440965802271562,44.0
7.855804508924484,3.456525844335556,22.114322543144226,6.584087407588958,3.0833089292049407,14.510446906089783,9.4,False,metrica_2,13.959032210247152,7.170100450515747,3.2603836059570312,17.94606590270996,8.796627521514893,10.397410476207734,7.583296358585358,B4,128722,34.940031433105474,0.379251410015382,0.17665200975746181,0.4440965802271562,44.0
11.315948581695556,2.170475998520851,26.23222346305847,10.4003915309906,1.9960958033800125,23.717608594894408,6.9,False,J03WMX,13.65333075695647,10.863671779632568,2.0901854038238525,24.962705612182617,11.52599048614502,12.867136335372924,10.247830677032471,B1,85742,29.2333553314209,0.4386181801217606,0.2598143267010333,0.30156749317720605,44.0
11.627516615390778,5.441348206996918,14.157965207099915,10.388969421386719,4.998223674297333,12.631313681602478,6.8,False,J03WMX,11.112207616652976,11.003466606140137,5.211100101470947,13.378463745117188,9.880814552307129,10.412112069129943,9.397447276115418,B2,85742,20.606166648864747,0.4386181801217606,0.2598143267010333,0.30156749317720605,44.0
21.756194138526915,16.92151050567627,22.284107851982117,20.067098903656007,15.997498250007629,19.922124814987182,7.9,False,J03WMX,20.427137393406102,20.82701587677002,16.486299514770508,21.111906051635742,19.67234706878662,20.35080442428589,19.01937026977539,B5,85742,30.774460220336916,0.4386181801217606,0.2598143267010333,0.30156749317720605,44.0
15.077257776260376,9.222421002388,17.235207867622375,13.368572473526001,8.391873049736024,14.992191767692566,7.9,False,J03WMX,14.260991421632458,14.182287693023682,8.822368621826172,16.08845329284668,13.13079309463501,13.777162504196166,12.467049884796143,B3E,85742,24.302503585815437,0.4386181801217606,0.2598143267010333,0.30156749317720605,44.0
10.764673519134522,2.4891392469406126,14.157383346557618,9.570969009399414,2.292618137598038,12.627185559272766,7.6,False,J03WMX,10.002265522720906,10.129623413085938,2.397555112838745,13.37796401977539,8.842321872711182,9.415437543392182,8.26130313873291,B3V,85742,20.07173728942871,0.4386181801217606,0.2598143267010333,0.30156749317720605,44.0
13.902316355705262,4.1195430040359495,17.235982275009153,12.366486358642579,3.7509689420461654,14.989075231552125,8.4,False,J03WMX,12.542311046629179,13.147072792053223,3.9407804012298584,16.086484909057617,11.523315906524658,12.242255997657775,10.778912043571472,B3,85742,23.639237785339358,0.4386181801217606,0.2598143267010333,0.30156749317720605,44.0
8.31184720993042,3.7904628217220306,11.711694085597992,7.096186304092408,3.4164086282253265,9.559723258018494,8.7,False,J03WMX,8.80725192195834,7.6993138790130615,3.601383924484253,10.492595672607422,7.0064122676849365,7.542650878429413,6.530154091119766,B4,85742,18.072065925598146,0.4386181801217606,0.2598143267010333,0.30156749317720605,44.0
10.948519206047058,1.983804500102997,26.27109146118164,9.565102756023407,1.8048171415925025,22.627849578857422,6.1,False,J03WN1,13.146688416272951,10.296982765197754,1.8879443407058716,24.5330867767334,10.718588829040527,12.040169978141785,9.29507554769516,B1,63251,28.8153133392334,0.4440404104282936,0.26089706091603293,0.29506252865567345,44.0
12.797190618515014,5.830166816711426,16.919545984268186,10.98667814731598,5.32619332075119,13.190252709388734,6.0,False,J03WN1,12.336677275669903,11.877997398376465,5.569153308868408,14.842830657958984,10.606088638305664,11.46771206855774,9.864310550689698,B2,63251,23.4971981048584,0.4440404104282936,0.26089706091603293,0.29506252865567345,44.0
23.453302574157714,18.479617762565614,25.123045086860657,21.507203936576843,17.42314989566803,21.141963958740234,6.9,False,J03WN1,22.25143051657838,22.483478546142578,17.95574951171875,22.980257034301758,21.159038543701172,22.19808554649353,20.188859009742735,B5,63251,33.96382522583008,0.4440404104282936,0.26089706091603293,0.29506252865567345,44.0
16.93137593269348,10.48439301252365,19.728199338912965,14.380973052978515,9.346472346782685,15.832726073265075,7.1,False,J03WN1,15.889912458954285,15.510461807250977,9.889116287231445,17.513460159301758,14.287103652954102,15.424999737739563,13.336837124824523,B3E,63251,27.5655517578125,0.4440404104282936,0.26089706091603293,0.29506252865567345,44.0
11.863116383552551,2.7070692479610443,16.91764154434204,10.157758450508117,2.42585825920105,13.192612290382385,6.5,False,J03WN1,11.141263920312115,11.011882305145264,2.560475707054138,14.83914852142334,9.480521202087402,10.337454986572265,8.64980194568634,B3V,63251,22.863126754760742,0.4440404104282936,0.26089706091603293,0.29506252865567345,44.0
15.579175472259521,4.669824188947677,19.7279456615448,13.392847669124603,4.0980075895786285,15.831413388252258,7.6,False,J03WN1,13.993292629990178,14.32768201828003,4.36120343208313,17.511993408203125,12.428744316101074,13.495303964614868,11.44912656545639,B3,63251,26.672271728515625,0.4440404104282936,0.26089706091603293,0.29506252865567345,44.0
9.79633333683014,4.473204261064529,15.749177694320677,8.17590526342392,3.906987798213959,11.909015917778015,7.6,False,J03WN1,11.193157850011591,8.956281661987305,4.181992292404175,13.592927932739258,8.308683395385742,9.175149631500243,7.529413175582886,B4,63251,24.45356559753418,0.4440404104282936,0.26089706091603293,0.29506252865567345,44.0
11.348696362972259,2.1213175505399704,27.74087529182434,10.333585238456726,1.9452153250575066,25.37377886772156,6.9,False,J03WOH,15.044028413737372,10.85857105255127,2.0308406352996826,26.506994247436523,12.862994194030762,14.22191696166992,11.478915739059449,B1,82796,31.41289520263672,0.43376491617952556,0.22742644572201556,0.33880863809845885,44.0
12.630685603618621,5.929025626182556,17.32881889343262,11.300209534168243,5.467687475681305,14.698557281494141,6.8,False,J03WOH,12.91065920836735,11.898238182067871,5.7085912227630615,15.96660852432251,11.307583808898926,11.924916744232178,10.75230884552002,B2,82796,23.852179527282715,0.43376491617952556,0.22742644572201556,0.33880863809845885,44.0
23.500589418411256,18.295366287231445,25.285764551162718,21.843545985221862,17.322220778465272,22.980918097496033,6.8,False,J03WOH,22.700743016944216,22.68733024597168,17.833630561828613,24.192008018493652,21.804387092590332,22.534535694122315,21.11221091747284,B5,82796,33.48945617675781,0.43376491617952556,0.22742644572201556,0.33880863809845885,44.0
16.44609055519104,9.958169174194335,20.189458751678465,14.727435696125031,9.138191497325897,17.890968441963196,7.0,False,J03WOH,16.307296757366778,15.571444034576416,9.56516170501709,18.92274570465088,15.030702590942383,15.7851881980896,14.284225428104401,B3E,82796,27.916335105895996,0.43376491617952556,0.22742644572201556,0.33880863809845885,44.0
11.64026882648468,2.744450569152832,17.32904484272003,10.464917492866515,2.5355012893676756,14.697796487808228,6.7,False,J03WOH,11.872948610851592,11.023770809173584,2.6378467082977295,15.96240234375,10.384235382080078,11.034055924415588,9.720812773704528,B3V,82796,23.473892211914062,0.43376491617952556,0.22742644572201556,0.33880863809845885,44.0
15.268341851234435,4.57040365934372,20.188073587417602,13.520205700397492,4.16625469326973,17.888994932174683,8.0,False,J03WOH,14.671251398227906,14.361170291900635,4.385836601257324,18.915881156921387,13.470582962036133,14.334025955200195,12.569119024276734,B3,82796,27.34831142425537,0.43376491617952556,0.22742644572201556,0.33880863809845885,44.0
8.721627020835877,4.1278696894645694,14.101181674003602,7.544992262125016,3.6888316541910173,11.155821669101716,8.6,False,J03WOH,10.189433131966508,8.110859870910645,3.92520010471344,12.595603942871094,8.048824310302734,8.66982899904251,7.483130323886871,B4,82796,20.423952102661133,0.43376491617952556,0.22742644572201556,0.33880863809845885,44.0
11.939759945869445,2.202486753463745,26.773143219947816,10.896070504188538,1.9991340413689613,24.040423035621643,6.7,False,J03WOY,13.960366588478665,11.401531219482422,2.089341878890991,25.324262619018555,11.91190242767334,13.17581844329834,10.622098338603973,B1,78551,30.080339431762695,0.43886137668521086,0.2615752823006709,0.2995633410141182,44.0
12.748984181880951,5.730767452716827,15.721713018417358,11.069588947296143,5.217783141136169,13.419294583797456,6.4,False,J03WOY,11.914667500491653,11.940252304077148,5.489692687988281,14.48048210144043,10.606005668640137,11.32814347743988,9.836275100708008,B2,78551,22.126312255859375,0.43886137668521086,0.2615752823006709,0.2995633410141182,44.0
23.193064069747923,17.45878291130066,23.901337718963624,21.038247537612914,16.287808990478517,20.820845317840575,7.2,False,J03WOY,21.25531225851077,22.140235900878906,16.876174926757812,22.455324172973633,20.563552856445312,21.453647232055665,19.636811542510987,B5,78551,31.536836624145508,0.43886137668521086,0.2615752823006709,0.2995633410141182,44.0
16.75077772140503,9.906808757781983,18.771773862838746,14.432154226303101,8.962584233283996,16.427724385261534,7.4,False,J03WOY,15.321407327144692,15.624406814575195,9.428191184997559,17.634929656982422,14.289238929748535,15.193217742443085,13.400832986831665,B3E,78551,25.94715118408203,0.43886137668521086,0.2615752823006709,0.2995633410141182,44.0
11.81794319152832,2.6696028232574465,15.72160267829895,10.189360189437867,2.409411308169365,13.417342710494996,7.1,False,J03WOY,10.754489269016396,11.028642654418945,2.5444958209991455,14.475227355957031,9.432524681091309,10.205907392501832,8.631643486022949,B3V,78551,21.5555419921875,0.43886137668521086,0.2615752823006709,0.2995633410141182,44.0
15.484684586524963,4.509900742769241,18.76750521659851,13.364944279193878,4.0654353380203245,16.42450895309448,8.0,False,J03WOY,13.474457869921382,14.436702728271484,4.27721643447876,17.632463455200195,12.478655815124512,13.495878553390503,11.427405047416688,B3,78551,25.189411163330078,0.43886137668521086,0.2615752823006709,0.2995633410141182,44.0
9.806562662124634,4.343727576732635,14.490091252326966,8.25905020236969,3.8320731282234193,12.202433240413665,7.9,False,J03WOY,10.46576939244052,9.019501686096191,4.069087505340576,13.263713836669922,8.536235809326172,9.25324113368988,7.739086389541626,B4,78551,20.97483253479004,0.43886137668521086,0.2615752823006709,0.2995633410141182,44.0
12.08575131893158,2.316043981909752,24.868099212646484,10.924628829956054,2.126470500230789,22.58830428123474,6.9,False,J03WPY,13.116545293440542,11.512340545654297,2.224541664123535,23.77655029296875,11.375886917114258,12.422942876815796,10.252744781970978,B1,86451,27.204343795776367,0.47933511468924594,0.2593029577448497,0.2613619275659044,44.0
12.083393371105194,5.907005965709686,13.94679490327835,10.900527405738831,5.475848686695099,12.22135922908783,6.8,False,J03WPY,11.356274689112915,11.4999361038208,5.697066307067871,13.09483528137207,10.088842391967773,10.610276091098786,9.566478276252747,B2,86451,20.49690055847168,0.47933511468924594,0.2593029577448497,0.2613619275659044,44.0
22.715905785560608,17.866719961166382,21.583017110824585,20.91362805366516,16.81706256866455,18.94698569774628,7.7,False,J03WPY,20.904956331639262,21.798086166381836,17.306386947631836,20.301504135131836,20.02374839782715,20.76679859161377,19.295807600021362,B5,86451,30.985271453857422,0.47933511468924594,0.2593029577448497,0.2613619275659044,44.0
15.830134904384613,9.882075476646422,16.97777667045593,14.203863143920898,9.001030719280243,14.6839129447937,7.9,False,J03WPY,14.657576636792577,15.05600643157959,9.44530963897705,15.765301704406738,13.558296203613281,14.256962156295776,12.88627278804779,B3E,86451,24.34815216064453,0.47933511468924594,0.2593029577448497,0.2613619275659044,44.0
11.22295479774475,2.770002421736717,13.93624668121338,10.069188129901885,2.5463408917188644,12.216602993011474,7.4,False,J03WPY,10.184736665652759,10.649900436401367,2.656662702560425,13.090104103088379,8.940486907958984,9.518664968013763,8.43634765148163,B3V,86451,19.755083084106445,0.47933511468924594,0.2593029577448497,0.2613619275659044,44.0
14.75652368068695,4.588486063480377,16.977315974235534,13.117797982692718,4.164103269577026,14.679556798934936,8.6,False,J03WPY,12.848026450079884,13.970504760742188,4.37044095993042,15.759990692138672,11.939599990844727,12.653600811958313,11.163691544532776,B3,86451,23.4538516998291,0.47933511468924594,0.2593029577448497,0.2613619275659044,44.0
9.058159959316253,4.136676597595215,11.639666771888733,7.566128301620483,3.6468041718006132,9.090428078174591,9.1,False,J03WPY,9.244961514484,8.296936988830566,3.85392689704895,10.17723560333252,7.321377754211426,7.942763906717301,6.715258157253265,B4,86451,18.077716827392578,0.47933511468924594,0.2593029577448497,0.2613619275659044,44.0
11.449603366851806,2.213378977775574,27.776828241348266,10.261103630065918,1.990288755297661,24.777527928352356,6.9,False,J03WQQ,15.068253371600282,10.817865371704102,2.105825901031494,26.256537437438965,12.789479732513428,14.258126854896545,11.30218094587326,B1,86520,32.333271026611335,0.4181460933888118,0.23374942209893665,0.3481044845122515,44.0
12.039046740531921,5.670057213306427,16.467511558532713,10.753817796707153,5.24929119348526,13.80950756072998,6.8,False,J03WQQ,12.140561120647503,11.388980388641357,5.469687223434448,15.113975048065186,10.615984439849854,11.325639426708221,9.950308799743652,B2,86520,22.74138202667237,0.4181460933888118,0.23374942209893665,0.3481044845122515,44.0
23.013784956932067,18.147741770744325,24.749194192886353,21.621208572387694,17.23812530040741,22.106821370124816,7.8,False,J03WQQ,21.972802080450148,22.28736400604248,17.69800853729248,23.370423316955566,21.43014907836914,22.105002546310423,20.685771417617797,B5,86520,32.736035156250004,0.4181460933888118,0.23374942209893665,0.3481044845122515,44.0
15.831602096557617,9.706071519851685,18.917402839660646,14.033586168289185,8.879358100891114,16.13754892349243,8.1,False,J03WQQ,15.329475236001716,14.877071380615234,9.283053874969482,17.722265243530273,14.067328929901123,14.884870743751526,13.197489476203918,B3E,86520,26.4816162109375,0.4181460933888118,0.23374942209893665,0.3481044845122515,44.0
11.059697425365448,2.6136588931083677,16.46059446334839,9.813714337348937,2.393807888031006,13.811371350288391,7.5,False,J03WQQ,11.121694919987629,10.466817855834961,2.5010687112808228,15.113432884216309,9.553732872009277,10.281484997272491,8.848775899410247,B3V,86520,22.413270378112795,0.4181460933888118,0.23374942209893665,0.3481044845122515,44.0
14.595985984802246,4.382327675819397,18.914224863052368,12.831506061553956,4.009794056415558,16.13669114112854,8.5,False,J03WQQ,13.722788673638565,13.65973424911499,4.1816933155059814,17.71854305267334,12.435526847839355,13.348856210708618,11.518486261367798,B3,86520,25.867812156677253,0.4181460933888118,0.23374942209893665,0.3481044845122515,44.0
8.902641344070435,4.194837582111359,14.094004130363464,7.445028817653656,3.709962490200996,10.77718346118927,8.5,False,J03WQQ,10.0877243620459,8.163001537322998,3.9569942951202393,12.279957294464111,7.887389183044434,8.607580924034119,7.220068371295929,B4,86520,20.876812171936034,0.4181460933888118,0.23374942209893665,0.3481044845122515,44.0
12.779246890544892,2.4967623472213747,27.494610929489134,11.657427942752838,2.264927405118942,24.84092950820923,7.3,False,J03WR9,16.9989078371232,12.206961631774902,2.3760902881622314,26.217535972595215,16.07819175720215,17.70045461654663,14.448100566864014,B1,103705,33.075601196289064,0.3698664480979702,0.20174533532616556,0.42838821657586423,44.0
12.329306745529175,5.937719768285751,14.613361763954163,10.945623397827148,5.399363470077515,12.418503141403198,7.2,False,J03WR9,12.242641493191098,11.600719451904297,5.672518968582153,13.516064643859863,10.90822696685791,11.537477445602416,10.242638206481933,B2,103705,22.455469131469727,0.3698664480979702,0.20174533532616556,0.42838821657586423,44.0
23.13526244163513,18.333504915237427,23.02701711654663,21.261706137657164,17.3933424949646,20.34185357093811,8.2,False,J03WR9,21.576268530942613,22.14043426513672,17.875346183776855,21.748574256896973,20.897432327270508,21.741995930671692,20.099319458007812,B5,103705,31.841855621337892,0.3698664480979702,0.20174533532616556,0.42838821657586423,44.0
16.176194024085998,9.848198854923249,17.651700448989867,14.087416541576385,8.97794587612152,15.161304223537446,8.5,False,J03WR9,15.360157588078582,15.110886573791504,9.414731979370117,16.42266273498535,14.264721870422363,15.181745958328246,13.413247096538544,B3E,103705,26.00710144042969,0.3698664480979702,0.20174533532616556,0.42838821657586423,44.0
11.49195330142975,2.764801245927811,14.613293647766113,10.199737250804901,2.4732137322425842,12.417919206619263,7.9,False,J03WR9,11.343484652761637,10.812126159667969,2.6216033697128296,13.515173435211182,10.134821891784668,10.832342147827148,9.411937189102172,B3V,103705,22.13059730529786,0.3698664480979702,0.20174533532616556,0.42838821657586423,44.0
15.068905436992646,4.462758982181549,17.651118087768555,13.121958112716674,4.0378311514854435,15.15877833366394,9.3,False,J03WR9,13.96240939919486,14.036585807800293,4.263372898101807,16.420517921447754,13.022753715515137,13.940944123268128,12.128568100929261,B3,103705,25.538505172729494,0.3698664480979702,0.20174533532616556,0.42838821657586423,44.0
8.894873130321503,4.191288036108017,12.037113189697266,7.724916005134583,3.806058371067047,9.997388422489166,9.0,False,J03WR9,10.028511692822873,8.267219543457031,4.003915071487427,11.00022268295288,8.217411041259766,8.902818036079406,7.606885582208633,B4,103705,19.816242599487314,0.3698664480979702,0.20174533532616556,0.42838821657586423,44.0
14.07984733581543,3.2349657624959947,24.226970815658568,13.147985172271728,3.031778892874718,23.432600355148317,0.9,False,SYNTH01,14.011886650157358,13.65841293334961,3.159562349319458,23.861108779907227,14.073086738586426,14.831790018081664,13.122727966308593,B1,14323,24.959486007690433,0.5142079173357537,0.22725685959645325,0.2585352230677931,44.0
10.635448741912843,9.79260811805725,10.835706949234009,9.929304111003876,9.289482116699219,9.504020690917969,0.9,False,SYNTH01,9.82872388781819,10.32258415222168,9.559480667114258,10.181340217590332,10.085138320922852,10.44405930042267,9.720206916332245,B2,14323,12.648549270629882,0.5142079173357537,0.22725685959645325,0.2585352230677931,44.0
12.269745039939881,11.604984974861145,11.953374218940734,11.826990127563477,11.31018352508545,11.463018417358398,0.9,False,SYNTH01,11.812260289394613,12.040066719055176,11.448290824890137,11.699496269226074,11.793352127075195,12.005551254749298,11.617981600761414,B5,14323,13.733796501159668,0.5142079173357537,0.22725685959645325,0.2585352230677931,44.0
11.962146759033203,11.207062220573425,11.815067303180694,11.397983241081239,10.93134880065918,10.980079245567321,0.9,False,SYNTH01,11.452063811738373,11.66852855682373,11.052556991577148,11.397418975830078,11.45557975769043,11.706861448287963,11.168210291862488,B3E,14323,13.488967514038086,0.5142079173357537,0.22725685959645325,0.2585352230677931,44.0
10.106316924095154,5.081085515022278,10.835718190670013,9.47741882801056,4.708357119560242,9.52460799217224,0.9,False,SYNTH01,8.675553955922686,9.810498237609863,4.881743907928467,10.177374839782715,9.12252140045166,9.542109894752503,8.773170685768127,B3V,14323,12.336327743530275,0.5142079173357537,0.22725685959645325,0.2585352230677931,44.0
11.41995620727539,5.989592182636261,11.81274346113205,10.883190727233886,5.546262264251709,10.976069378852845,1.0,False,SYNTH01,10.036039082186104,11.173135757446289,5.783111095428467,11.392728805541992,10.691917419433594,10.993966150283814,10.38493309020996,B3,14323,13.186626052856445,0.5142079173357537,0.22725685959645325,0.2585352230677931,44.0
3.8206628799438476,2.6075285494327547,4.0515122473239895,3.1629438400268555,2.341065561771393,2.9615939170122147,1.0,False,SYNTH01,3.4040515566167864,3.507972002029419,2.473799228668213,3.3778979778289795,3.171934127807617,3.526830333471298,2.8925280213356017,B4,14323,5.425446224212647,0.5142079173357537,0.22725685959645325,0.2585352230677931,44.0
13.226795935630799,3.3152907520532606,26.58499550819397,12.529516410827636,3.0054688453674316,24.352629613876342,0.9,False,SYNTH02,15.071092294588285,12.861080169677734,3.1698732376098633,25.44332790374756,14.513079166412354,16.947244787216185,12.694651973247527,B1,13780,27.98180370330811,0.4420174165457184,0.2299709724238026,0.32801161103047893,44.0
10.688913726806641,9.894412016868591,10.880114364624024,9.663945901393891,9.066936492919922,9.418792724609375,0.9,False,SYNTH02,9.809277553929906,10.163336753845215,9.533151626586914,10.16070556640625,10.029150485992432,10.420931243896485,9.60454556941986,B2,13780,12.688649463653565,0.4420174165457184,0.2299709724238026,0.32801161103047893,44.0
12.50674910545349,11.879766511917115,12.362195873260498,11.895599937438964,11.427522802352906,11.764266562461852,0.9,False,SYNTH02,12.057262858173152,12.190878868103027,11.659111022949219,12.038705348968506,11.98970651626587,12.185148239135742,11.840079808235169,B5,13780,13.941923904418946,0.4420174165457184,0.2299709724238026,0.32801161103047893,44.0
12.045876359939575,11.202037858963013,12.124717473983765,11.412870633602143,10.822510135173797,11.299986135959625,0.9,False,SYNTH02,11.541639810748647,11.698004722595215,11.006837844848633,11.666127681732178,11.519001960754395,11.715997171401977,11.3024582862854,B3E,13780,13.584707355499267,0.4420174165457184,0.2299709724238026,0.32801161103047893,44.0
10.139125514030457,5.170835131406784,10.880351066589355,9.153940773010254,4.483121788501739,9.415403473377228,0.9,False,SYNTH02,8.690743113080977,9.6276216506958,4.910223960876465,10.159991264343262,9.032000064849854,9.542563438415527,8.614667320251465,B3V,13780,12.396313762664795,0.4420174165457184,0.2299709724238026,0.32801161103047893,44.0
11.537299060821534,6.034523057937622,12.12711260318756,10.839134979248048,5.384336709976196,11.29857795238495,1.0,False,SYNTH02,10.166733142689779,11.163268089294434,5.754441738128662,11.663893699645996,10.785247802734375,11.053391170501708,10.444443941116333,B3,13780,13.380891513824462,0.4420174165457184,0.2299709724238026,0.32801161103047893,44.0
3.570259130001068,2.609899342060089,3.924470463395118,2.9182721346616747,2.2196810811758043,3.2140131413936617,1.0,False,SYNTH02,3.452775971254358,3.2223150730133057,2.427644729614258,3.576837658882141,3.1035934686660767,3.3261807799339294,2.871357649564743,B4,13780,5.349039030075073,0.4420174165457184,0.2299709724238026,0.32801161103047893,44.0
13.443442463874817,3.2702618360519407,25.45441851615906,12.729811143875121,3.0027060508728027,23.87458481788635,0.9,False,SYNTH03,14.675746923771626,13.114446640014648,3.1470965147018433,24.676855087280273,14.391333103179932,16.23615427017212,13.141784250736237,B1,14720,26.647146797180177,0.47105978260869563,0.22078804347826086,0.3081521739130435,44.0
10.990775752067567,10.036489391326905,11.118046283721924,10.303667783737183,9.588385581970215,10.102022182941436,0.9,False,SYNTH03,10.042119180474876,10.614397525787354,9.825819492340088,10.659835815429688,10.424719333648682,10.744250154495239,10.165539312362672,B2,14720,12.843796825408935,0.47105978260869563,0.22078804347826086,0.3081521739130435,44.0
12.409609460830689,11.786177742481232,12.57766479253769,11.946177542209625,11.399804401397706,11.938542366027832,0.9,False,SYNTH03,12.005322862529884,12.168539047241211,11.564118385314941,12.215654850006104,12.036338329315186,12.279110491275787,11.847108435630798,B5,14720,13.870537090301514,0.47105978260869563,0.22078804347826086,0.3081521739130435,44.0
12.148155117034912,11.339207172393799,12.25475902557373,11.531153178215027,10.933527100086213,11.54981451034546,0.9,False,SYNTH03,11.643664870431405,11.820497512817383,11.121191024780273,11.913578510284424,11.665270805358887,11.95418585538864,11.400171637535095,B3E,14720,13.639462566375732,0.47105978260869563,0.22078804347826086,0.3081521739130435,44.0
10.388814568519592,5.121138161420822,11.1132493019104,9.762994682788849,4.7208991050720215,10.089152467250823,0.9,False,SYNTH03,8.874171223189256,10.065530776977539,4.9063720703125,10.658732891082764,9.442321300506592,9.869538366794586,9.037283110618592,B3V,14720,12.534538936614991,0.47105978260869563,0.22078804347826086,0.3081521739130435,44.0
11.496611273288726,6.021302700042725,12.245889663696289,10.965346765518188,5.600849151611328,11.542689931392669,1.0,False,SYNTH03,10.23128479408156,11.228911399841309,5.814769506454468,11.909791946411133,10.948070526123047,11.259760224819184,10.592703020572662,B3,14720,13.334459781646729,0.47105978260869563,0.22078804347826086,0.3081521739130435,44.0
3.7389376938343046,2.7486288487911223,4.0120854139328,3.0648988753557207,2.294808381795883,3.096982705593109,1.0,False,SYNTH03,3.3888430335672837,3.371901512145996,2.5104660987854004,3.6532801389694214,3.219294548034668,3.5650170117616655,2.9137708067893984,B4,14720,5.270049047470093,0.47105978260869563,0.22078804347826086,0.3081521739130435,44.0
